epoch,PPL
12.320000,44.21000012.320000,44.210000
12.320000,14.210000
